{
  "accuracy": 0.6718446601941748,
  "macro_f1": 0.581932448950728,
  "latency_ms_per_sample": 1.277550666660924,
  "latency_ms_per_batch32": 19.68411399999847
}