{
  "accuracy": 0.6300970873786408,
  "macro_f1": 0.4572179819041357,
  "latency_ms_per_sample": 1.131039000004724,
  "latency_ms_per_batch32": 10.104359999992692
}